{
    "access_time": [
        0.453606,
        0.256185,
        0.227315,
        0.453606,
        0.256185,
        0.227315,
        0.453606,
        0.256185,
        0.227315
    ],
    "cycle_time": [
        1.37766,
        0.465586,
        0.245104,
        1.37766,
        0.465586,
        0.245104,
        1.37766,
        0.465586,
        0.245104
    ],
    "read_energy": [
        0.0338659,
        0.0188471,
        0.0116972,
        0.0337192,
        0.0187037,
        0.0115588,
        0.0336575,
        0.0186437,
        0.0115012
    ],
    "write_energy": [
        0.0333791,
        0.0242715,
        0.0266358,
        0.0327246,
        0.0239426,
        0.0264677,
        0.032409,
        0.0237898,
        0.0263953
    ],
    "leakage_power": [
        11.1161,
        10.8994,
        11.4094,
        10.704,
        10.4967,
        11.0209,
        10.4973,
        10.2948,
        10.8261
    ],
    "cache_area": [
        0.058555582988,
        0.044355183140000004,
        0.040497171945,
        0.058555281512000006,
        0.04436204853,
        0.04052622315999999,
        0.058551362324,
        0.04436681227000001,
        0.04055904438
    ]
}
